id,nome,grupo_muscular,dificuldade,series,repeticoes,descricao
1,Polichinelo,Cardiovascular,fácil,4,15,Movimentação corporal intensa
2,Agachamentos,Pernas,Médio,5,10,Agachamento livre com barra
3,Corrida,cardiovascular,média,1,1,Corrida de 10km.
4,Flexão,Peito,Médio,4,15,Usar força para empurrar os braços contra o chão
5,Hack,Pernas,Difícil,4,10,Agachamento em máquina de apoio
6,Rosca martelo,Bíceps,Fácil,4,10,Levantar o antebraço formando um angulo de 90 graus com halteres
7,Bicicleta,Cardiovascular,Médio,1,15,Pedaladas em bicicleta estética
8,Pulldown,Costas,Fácil,4,12,Puxada alta
9,Remada baixa,Costas,Fácil,12,4,Puxada frontal
10,Supino inclinado,Peito,Médio,4,10,Levantamento de halteres em banco levemente inclinado
11,Abdominais,Abome,Difícil,5,10,Inclinar o tronco repetidamente
12,Stiff,Posteriores,Difícil,4,12,Inclinação com halteres tendo ênfase em posterior de coxa
13,Leg press,Pernas,Médio,4,12,Pressão de pernas em máquina
14,Desenvolvimento,ombros,Médio,4,12,Levantamento de halteres acima da cabeça
15,Tríceps testa,Tríceps,Médio,12,3,Levantamento de halteres com o tríceps acima da cabeça
